,Date,Title,Class
0,"Sat, Dec 2nd 2023",Case for gold fever: NewEdge Wealth sees record rush intensifying ,No category
1,"Sat, Dec 2nd 2023",Investors mourn the loss of one-of-a-kind legend Charlie Munger,No category
2,"Fri, Dec 1st 2023",Zero-day commodity options have now entered the ETF space,No category
3,"Fri, Dec 1st 2023",Not saving in your 401(k)? Your employer may re-enroll you,No category
4,"Fri, Dec 1st 2023","Stocks making biggest moves midday: Tesla, Disney, Alibaba, Ulta Beauty and more",No category
5,"Fri, Dec 1st 2023",Fed Chair Powell calls talk of cutting rates 'premature',Federal Reserve
6,"Fri, Dec 1st 2023",Watch Federal Reserve Chair Jerome Powell speak live in Atlanta on policy,Federal Reserve
7,"Fri, Dec 1st 2023","Stocks making the biggest moves premarket: Pfizer, Disney, Tesla and more",Market Insider
8,"Fri, Dec 1st 2023","Robinhood CEO defends payment for order flow, says practice is 'here to stay'",Tech
9,"Thu, Nov 30th 2023",Charlie Munger and Warren Buffett were unable to pull off one last deal together,Markets
10,"Fri, Dec 1st 2023",Munger said Berkshire would be worth double if it had used leverage,Markets
11,"Thu, Nov 30th 2023","China consumption shows 'no sign' of a strong V-shaped recovery, McKinsey says",China Economy
12,"Thu, Nov 30th 2023","SEC meets with Grayscale, BlackRock about potential bitcoin ETFs",Markets
13,"Thu, Nov 30th 2023","Stocks making biggest moves after hours: Disney, Ulta Beauty, Marvell Technology",Market Insider
14,"Thu, Nov 30th 2023","Return to office is ‘dead,’ Stanford economist says. Here’s why",Personal Finance
15,"Thu, Nov 30th 2023","Cathie Wood’s Innovation ETF is up 31% in November, notching its best month ever",Markets
16,"Thu, Nov 30th 2023","Stocks making the biggest moves midday: Salesforce, Snowflake, Discover and more",Market Insider
17,"Thu, Nov 30th 2023","How a tax break of up to $3,200 can help heat your home efficiently this winter",Personal Finance
18,"Thu, Nov 30th 2023","Stocks making the biggest moves premarket: Salesforce, Snowflake, Pure Storage",Market Insider
19,"Thu, Nov 30th 2023",What one Swiss bank's troubles can tell us about market vulnerabilities,Banks
20,"Thu, Nov 30th 2023","Zepz, a $5 billion fintech unicorn, is laying off more staff",Tech
21,"Thu, Nov 30th 2023",Stock trading platform Robinhood to launch in UK after two failed attempts,Tech
22,"Wed, Nov 29th 2023","Stocks making the biggest moves after hours: Salesforce, Pure Storage and more",Market Insider
23,"Wed, Nov 29th 2023","Stocks making the biggest moves midday: Foot Locker, General Motors and more",Market Insider
24,"Wed, Nov 29th 2023",Why Buffett wouldn't have become the greatest investor without Charlie Munger,Markets
25,"Wed, Nov 29th 2023",Jamie Dimon says JPMorgan Chase would exit China if ordered to,Finance
26,"Wed, Nov 29th 2023",Fed's Barkin says hikes still on the table if inflation doesn't continue to ease,The Bottom Line
27,"Wed, Nov 29th 2023",A look at Warren Buffett and Charlie Munger's lifelong partnership ,Markets
28,"Wed, Nov 29th 2023","Stocks making the biggest moves premarket: General Motors, Petco, Foot Locker and more",Market Insider
29,"Wed, Nov 29th 2023",A possible U.S. recession? Strategists give their cautious predictions for 2024,Economy
30,"Wed, Nov 29th 2023",Apple is trying to unwind its Goldman Sachs credit card partnership,Tech
31,"Wed, Nov 29th 2023",Charlie Munger's greatest bits of investing advice from over the years,Markets
32,"Wed, Nov 29th 2023",Munger describes how he and Buffett made Berkshire into what it is,Investing
33,"Wed, Nov 29th 2023",The life advice that Charlie Munger gave Warren Buffett: Live life backwards,Markets
